{
    "002-openvino-api": [
        "ONNX",
        "Reshape Model"
    ],
    "102-pytorch-onnx-to-openvino": [
        "ONNX",
        "Pytorch"
    ],
    "103-paddle-onnx-to-openvino-classification": [
        "ONNX",
        "Paddle"
    ],
    "104-model-tools": [
        "Benchmark Model",
        "Convert Model",
        "Download Model",
        "OMZ Info Dumper"
    ],
    "105-language-quantize-bert": [
        "Benchmark Model",
        "Compression",
        "Dynamic Shape",
        "ONNX",
        "Optimize Model",
        "Pytorch",
        "Reshape Model",
        "Transformers"
    ],
    "106-auto-device": [
        "Async Inference",
        "Convert Model",
        "Download Model"
    ],
    "107-speech-recognition-quantization": [
        "Benchmark Model",
        "ONNX",
        "Optimize Model",
        "Pytorch",
        "Transformers"
    ],
    "110-ct-segmentation-quantize-nncf": [
        "Benchmark Model",
        "NNCF",
        "ONNX",
        "Optimize Model",
        "Pytorch"
    ],
    "110-ct-segmentation-quantize": [
        "Benchmark Model",
        "Compression",
        "ONNX",
        "Optimize Model"
    ],
    "111-detection-quantization": [
        "Benchmark Model",
        "Compression",
        "Download Model",
        "Pytorch"
    ],
    "112-pytorch-post-training-quantization-nncf": [
        "Benchmark Model",
        "NNCF",
        "ONNX",
        "Optimize Model",
        "Pytorch",
        "Torchvision"
    ],
    "113-image-classification-quantization": [
        "Benchmark Model",
        "ONNX",
        "Optimize Model",
        "Pytorch",
        "Torchvision"
    ],
    "114-quantization-simplified-mode": [
        "Async Inference",
        "Benchmark Model",
        "ONNX",
        "Optimize Model",
        "Pytorch",
        "Torchvision"
    ],
    "115-async-api": [
        "Async Inference",
        "Download Model"
    ],
    "203-meter-reader": [
        "Reshape Model"
    ],
    "204-named-entity-recognition": [
        "Convert Model",
        "Download Model",
        "Dynamic Shape",
        "Reshape Model"
    ],
    "205-vision-background-removal": [
        "ONNX",
        "Pytorch"
    ],
    "206-vision-paddlegan-anime": [
        "ONNX",
        "Optimize Model",
        "Paddle"
    ],
    "207-vision-paddlegan-superresolution": [
        "ONNX",
        "Paddle",
        "Reshape Model"
    ],
    "208-optical-character-recognition": [
        "Convert Model",
        "Download Model",
        "OMZ Info Dumper"
    ],
    "209-handwritten-ocr": [
        "Download Model"
    ],
    "210-ct-scan-live-inference": [
        "Benchmark Model"
    ],
    "211-speech-to-text": [
        "Convert Model",
        "Download Model",
        "Dynamic Shape",
        "Reshape Model"
    ],
    "212-onnx-style-transfer": [
        "ONNX",
        "Reshape Model"
    ],
    "213-question-answering": [
        "Convert Model",
        "Download Model"
    ],
    "214-vision-paddle-classification": [
        "Async Inference",
        "Benchmark Model",
        "Reshape Model"
    ],
    "215-image-inpainting": [
        "Convert Model",
        "Download Model"
    ],
    "216-license-plate-recognition": [
        "Download Model"
    ],
    "217-vision-deblur": [
        "Convert Model",
        "Download Model",
        "OMZ Info Dumper"
    ],
    "218-vehicle-detection-and-recognition": [
        "Download Model"
    ],
    "219-knowledge-graphs-conve": [
        "Benchmark Model",
        "ONNX",
        "Pytorch"
    ],
    "220-yolov5-accuracy-check-and-quantization": [
        "ONNX",
        "Pytorch"
    ],
    "221-machine-translation": [
        "Download Model"
    ],
    "222-vision-image-colorization": [
        "Convert Model",
        "Download Model"
    ],
    "223-gpt2-text-prediction": [
        "Convert Model",
        "Download Model",
        "Dynamic Shape",
        "Reshape Model",
        "Transformers"
    ],
    "301-tensorflow-training-openvino-pot": [
        "Benchmark Model",
        "Tensorflow"
    ],
    "301-tensorflow-training-openvino": [
        "Optimize Model",
        "Tensorflow",
        "Train Model"
    ],
    "302-pytorch-quantization-aware-training": [
        "Benchmark Model",
        "NNCF",
        "ONNX",
        "Optimize Model",
        "Pytorch",
        "Torchvision",
        "Train Model"
    ],
    "305-tensorflow-quantization-aware-training": [
        "Benchmark Model",
        "NNCF",
        "Optimize Model",
        "Tensorflow",
        "Train Model"
    ],
    "401-object-detection": [
        "Convert Model",
        "Download Model"
    ],
    "402-pose-estimation": [
        "Download Model",
        "Dynamic Shape"
    ],
    "403-action-recognition-webcam": [
        "Download Model"
    ],
    "405-paddle-ocr-webcam": [
        "Dynamic Shape",
        "Paddle",
        "Reshape Model"
    ]
}
